1100, 1111, 1103, 1114, 1113, 1102, 1107, 1106, 1096, 1102, 1089, 1103, 1101, 1102, 1093, 1096, 1082, 1089, 1077, 1094, 1089, 1084, 1089, 1082, 1066, 1061, 1071, 1055, 1079, 1067, 1047, 1044, 1044, 1054, 1055, 1040, 1039, 1048, 1030, 1036, 1021, 1026, 1038, 1016, 1004, 1019, 1018, 1019, 990, 1001, 1003, 994, 976, 986, 977, 977, 970, 956, 962, 962, 944, 943, 958, 940, 933, 945, 923, 931, 930, 927, 901, 915, 900, 902, 902, 896, 879, 877, 888, 878, 866, 860, 867, 850, 849, 853, 836, 859, 831, 852, 831, 820, 826, 816, 813, 816, 828, 800, 815, 810
1094, 1092, 1114, 1101, 1095, 1094, 1101, 1086, 1100, 1091, 1109, 1102, 1089, 1097, 1085, 1085, 1086, 1092, 1101, 1072, 1090, 1076, 1073, 1088, 1080, 1075, 1077, 1064, 1059, 1055, 1063, 1051, 1068, 1063, 1046, 1043, 1039, 1044, 1050, 1031, 1020, 1038, 1036, 1028, 1023, 1017, 1011, 1007, 992, 1002, 994, 985, 991, 997, 983, 986, 969, 958, 968, 957, 955, 966, 949, 958, 927, 946, 942, 937, 921, 917, 917, 924, 906, 897, 894, 881, 896, 893, 886, 869, 878, 867, 860, 875, 854, 848, 848, 842, 849, 850, 842, 825, 830, 829, 818, 810, 816, 814, 820, 818
1101, 1099, 1091, 1098, 1088, 1094, 1098, 1105, 1090, 1087, 1097, 1111, 1096, 1103, 1103, 1085, 1094, 1084, 1077, 1097, 1098, 1094, 1090, 1090, 1067, 1075, 1060, 1079, 1057, 1057, 1051, 1070, 1047, 1058, 1065, 1058, 1057, 1055, 1040, 1050, 1042, 1025, 1020, 1014, 1021, 1015, 1020, 996, 1000, 993, 998, 986, 980, 984, 973, 965, 964, 972, 980, 961, 955, 945, 964, 940, 943, 927, 935, 921, 920, 929, 910, 926, 905, 902, 896, 893, 891, 898, 878, 884, 885, 875, 874, 860, 871, 868, 837, 859, 849, 845, 832, 832, 827, 833, 830, 807, 804, 803, 804, 806
1103, 1107, 1102, 1102, 1115, 1106, 1106, 1113, 1091, 1107, 1087, 1106, 1107, 1106, 1099, 1087, 1106, 1088, 1084, 1088, 1092, 1072, 1069, 1073, 1088, 1079, 1075, 1065, 1081, 1077, 1052, 1074, 1070, 1050, 1040, 1060, 1054, 1048, 1034, 1026, 1042, 1037, 1028, 1029, 1019, 1006, 1019, 1020, 1014, 991, 1006, 994, 981, 979, 994, 993, 978, 971, 971, 970, 947, 963, 965, 957, 938, 928, 940, 922, 926, 914, 922, 907, 898, 900, 889, 902, 899, 876, 892, 871, 876, 875, 877, 876, 855, 852, 839, 858, 854, 828, 835, 834, 842, 832, 829, 810, 823, 822, 806, 808
1089, 1114, 1104, 1103, 1098, 1110, 1100, 1094, 1090, 1095, 1089, 1086, 1092, 1087, 1108, 1105, 1097, 1092, 1106, 1096, 1087, 1091, 1086, 1072, 1072, 1077, 1080, 1060, 1063, 1063, 1058, 1052, 1068, 1071, 1056, 1055, 1044, 1039, 1039, 1041, 1046, 1046, 1040, 1030, 1015, 1027, 1008, 1016, 1004, 993, 1000, 992, 1005, 976, 988, 984, 966, 979, 979, 960, 966, 961, 947, 939, 935, 930, 935, 926, 917, 912, 911, 903, 924, 915, 899, 903, 882, 880, 872, 872, 880, 867, 856, 857, 865, 863, 864, 842, 849, 849, 850, 833, 818, 819, 830, 828, 808, 822, 807, 809
1106, 1094, 1101, 1090, 1111, 1100, 1096, 1108, 1105, 1089, 1095, 1105, 1109, 1091, 1104, 1105, 1104, 1110, 1108, 1103, 1086, 1087, 1082, 1079, 1082, 1089, 1076, 1079, 1077, 1080, 1074, 1057, 1053, 1054, 1052, 1050, 1050, 1044, 1033, 1047, 1044, 1040, 1038, 1036, 1014, 1015, 1010, 1009, 1015, 1009, 991, 1012, 995, 980, 976, 979, 968, 984, 980, 965, 953, 967, 960, 947, 932, 947, 936, 944, 936, 925, 921, 914, 899, 895, 913, 906, 891, 897, 891, 894, 889, 868, 880, 868, 854, 861, 850, 856, 855, 828, 843, 845, 823, 827, 822, 811, 815, 803, 803, 813
1106, 1093, 1088, 1107, 1102, 1100, 1112, 1102, 1087, 1100, 1088, 1106, 1108, 1116, 1099, 1096, 1104, 1103, 1098, 1097, 1107, 1101, 1087, 1094, 1067, 1069, 1080, 1069, 1084, 1059, 1067, 1078, 1070, 1071, 1048, 1052, 1049, 1041, 1034, 1030, 1041, 1033, 1033, 1033, 1014, 1013, 1027, 1009, 1019, 996, 1000, 989, 993, 1005, 998, 973, 984, 983, 959, 980, 961, 961, 951, 942, 947, 933, 938, 923, 921, 936, 920, 910, 903, 921, 913, 889, 903, 899, 882, 878, 884, 867, 864, 878, 868, 858, 859, 842, 855, 831, 845, 836, 833, 815, 816, 827, 802, 823, 803, 804
1102, 1101, 1112, 1105, 1096, 1097, 1109, 1088, 1089, 1103, 1091, 1116, 1102, 1095, 1104, 1105, 1111, 1105, 1103, 1094, 1084, 1106, 1075, 1086, 1084, 1086, 1090, 1079, 1082, 1074, 1065, 1066, 1062, 1058, 1049, 1067, 1039, 1036, 1060, 1048, 1033, 1033, 1036, 1044, 1026, 1015, 1012, 1016, 1022, 999, 1005, 989, 997, 984, 988, 972, 980, 971, 963, 958, 956, 956, 943, 959, 947, 947, 943, 939, 944, 926, 915, 914, 924, 896, 896, 898, 903, 903, 901, 872, 866, 866, 866, 880, 852, 865, 840, 860, 835, 838, 825, 836, 828, 838, 814, 807, 827, 800, 810, 808
1097, 1105, 1107, 1107, 1112, 1100, 1105, 1114, 1108, 1107, 1114, 1116, 1102, 1117, 1118, 1104, 1115, 1102, 1106, 1109, 1107, 1089, 1103, 1072, 1082, 1089, 1078, 1065, 1075, 1075, 1070, 1069, 1058, 1058, 1065, 1066, 1047, 1064, 1050, 1048, 1029, 1043, 1045, 1043, 1025, 1025, 1026, 1004, 1020, 998, 1000, 1008, 1006, 982, 993, 986, 977, 981, 977, 963, 972, 952, 963, 964, 936, 934, 939, 923, 944, 941, 917, 927, 910, 914, 907, 910, 890, 884, 891, 881, 893, 881, 862, 871, 865, 848, 847, 863, 852, 841, 826, 834, 842, 821, 829, 824, 812, 807, 815, 809
1095, 1115, 1094, 1106, 1092, 1103, 1097, 1094, 1096, 1109, 1110, 1118, 1104, 1106, 1117, 1112, 1115, 1112, 1118, 1099, 1103, 1083, 1096, 1095, 1088, 1075, 1070, 1065, 1070, 1062, 1067, 1063, 1058, 1062, 1072, 1047, 1043, 1061, 1042, 1036, 1057, 1039, 1034, 1036, 1037, 1036, 1010, 1029, 1004, 998, 1006, 1015, 998, 1002, 996, 976, 998, 987, 968, 974, 965, 950, 963, 946, 951, 934, 931, 936, 926, 924, 932, 909, 913, 902, 910, 913, 907, 891, 882, 878, 883, 882, 864, 872, 876, 856, 859, 840, 854, 851, 849, 839, 839, 832, 811, 831, 812, 810, 802, 817
1100, 1094, 1098, 1102, 1106, 1096, 1094, 1111, 1103, 1110, 1113, 1118, 1110, 1116, 1118, 1118, 1118, 1107, 1109, 1101, 1109, 1082, 1080, 1093, 1087, 1084, 1079, 1091, 1072, 1065, 1082, 1069, 1078, 1055, 1050, 1052, 1067, 1057, 1048, 1038, 1048, 1043, 1039, 1027, 1029, 1018, 1023, 1031, 1030, 1003, 1022, 992, 991, 999, 996, 983, 984, 983, 976, 964, 975, 966, 965, 953, 940, 948, 946, 939, 940, 929, 914, 925, 914, 920, 912, 912, 902, 891, 894, 888, 871, 889, 865, 871, 852, 861, 867, 848, 835, 836, 826, 839, 833, 834, 820, 810, 809, 805, 815, 804
1093, 1093, 1116, 1092, 1106, 1116, 1113, 1118, 1102, 1107, 1118, 1118, 1112, 1118, 1113, 1118, 1118, 1103, 1104, 1113, 1104, 1086, 1087, 1093, 1085, 1079, 1080, 1076, 1080, 1086, 1067, 1073, 1076, 1067, 1077, 1056, 1074, 1051, 1061, 1051, 1042, 1033, 1040, 1032, 1043, 1042, 1038, 1022, 1018, 1017, 1005, 993, 1003, 998, 993, 989, 976, 986, 970, 964, 979, 979, 962, 959, 943, 952, 931, 943, 932, 931, 922, 916, 926, 927, 907, 916, 897, 884, 883, 898, 887, 883, 865, 870, 854, 852, 862, 845, 859, 840, 834, 822, 844, 834, 832, 812, 813, 825, 822, 792
1111, 1092, 1115, 1090, 1096, 1110, 1112, 1118, 1118, 1118, 1118, 1118, 1118, 1118, 1118, 1117, 1118, 1113, 1099, 1117, 1093, 1097, 1102, 1103, 1090, 1086, 1086, 1077, 1086, 1064, 1063, 1077, 1064, 1076, 1073, 1065, 1054, 1066, 1065, 1071, 1053, 1055, 1041, 1035, 1035, 1029, 1033, 1023, 1009, 1007, 1013, 1017, 1005, 992, 985, 996, 992, 980, 971, 970, 979, 961, 953, 948, 967, 960, 933, 947, 928, 943, 924, 922, 906, 923, 909, 902, 904, 883, 884, 898, 890, 892, 862, 877, 859, 859, 860, 861, 856, 858, 853, 844, 834, 839, 826, 828, 806, 818, 807, 813
1088, 1107, 1092, 1109, 1116, 1096, 1118, 1118, 1118, 1118, 1118, 1118, 1118, 1118, 1118, 1118, 1118, 1118, 1101, 1095, 1092, 1089, 1082, 1094, 1095, 1084, 1080, 1075, 1075, 1075, 1084, 1061, 1080, 1070, 1060, 1058, 1070, 1073, 1076, 1073, 1071, 1054, 1047, 1040, 1036, 1022, 1044, 1013, 1028, 1011, 1010, 1012, 1005, 1004, 990, 990, 993, 996, 979, 989, 967, 967, 963, 950, 956, 950, 952, 938, 945, 946, 937, 936, 916, 923, 908, 915, 895, 897, 898, 893, 888, 883, 869, 884, 873, 872, 864, 841, 842, 848, 830, 837, 824, 840, 835, 833, 816, 821, 799, 804
1096, 1089, 1100, 1106, 1094, 1112, 1114, 1118, 1118, 1118, 1118, 1118, 1118, 1118, 1118, 1118, 1118, 1118, 1118, 1107, 1109, 1102, 1099, 1090, 1097, 1092, 1095, 1087, 1074, 1071, 1080, 1073, 1076, 1069, 1077, 1091, 1089, 1093, 1080, 1077, 1074, 1068, 1076, 1045, 1058, 1042, 1046, 1022, 1030, 1019, 1005, 1006, 1009, 1009, 1010, 1008, 1004, 991, 979, 966, 984, 963, 971, 948, 954, 955, 936, 950, 940, 927, 927, 932, 914, 910, 906, 911, 901, 910, 897, 883, 886, 885, 864, 858, 859, 874, 859, 852, 849, 834, 829, 847, 835, 828, 820, 814, 820, 823, 822, 808
1094, 1103, 1091, 1092, 1111, 1113, 1118, 1118, 1118, 1118, 1118, 1118, 1118, 1118, 1118, 1118, 1118, 1118, 1118, 1118, 1118, 1107, 1103, 1099, 1082, 1079, 1097, 1085, 1079, 1079, 1075, 1086, 1070, 1087, 1074, 1075, 1081, 1101, 1103, 1097, 1095, 1090, 1077, 1086, 1057, 1057, 1038, 1031, 1019, 1014, 1024, 1024, 1009, 1001, 1006, 1010, 1001, 991, 992, 968, 975, 973, 976, 962, 948, 940, 947, 951, 927, 933, 936, 933, 920, 926, 903, 905, 895, 910, 888, 895, 885, 884, 880, 881, 864, 852, 847, 844, 837, 850, 850, 841, 850, 820, 825, 818, 832, 827, 817, 813
1098, 1107, 1113, 1094, 1101, 1107, 1118, 1118, 1118, 1118, 1118, 1118, 1118, 1118, 1118, 1118, 1118, 1118, 1118, 1118, 1118, 1105, 1115, 1089, 1089, 1092, 1081, 1075, 1074, 1077, 1069, 1065, 1070, 1086, 1094, 1082, 1108, 1105, 1121, 1110, 1113, 1122, 1118, 1092, 1072, 1069, 1045, 1051, 1025, 1037, 1010, 1026, 1001, 992, 1004, 988, 1007, 988, 988, 970, 970, 970, 956, 975, 966, 967, 954, 946, 928, 940, 922, 933, 933, 932, 924, 919, 914, 888, 894, 899, 897, 881, 870, 862, 875, 863, 854, 851, 845, 857, 850, 833, 841, 821, 821, 817, 812, 806, 811, 792
1100, 1094, 1102, 1099, 1104, 1107, 1118, 1118, 1118, 1118, 1118, 1118, 1118, 1118, 1118, 1118, 1118, 1118, 1118, 1118, 1118, 1115, 1111, 1099, 1098, 1084, 1086, 1090, 1084, 1079, 1089, 1087, 1087, 1077, 1077, 1093, 1120, 1121, 1121, 1122, 1122, 1122, 1123, 1101, 1087, 1093, 1063, 1043, 1039, 1034, 1024, 1004, 1024, 1014, 1016, 986, 1002, 986, 1000, 991, 970, 975, 976, 973, 969, 951, 944, 960, 937, 951, 938, 939, 926, 923, 922, 899, 914, 910, 905, 904, 887, 874, 887, 880, 867, 863, 873, 865, 859, 848, 840, 839, 847, 848, 826, 832, 814, 829, 812, 799
1100, 1109, 1096, 1098, 1118, 1113, 1115, 1118, 1118, 1118, 1118, 1118, 1118, 1118, 1118, 1118, 1118, 1118, 1118, 1118, 1118, 1118, 1118, 1107, 1099, 1090, 1090, 1092, 1088, 1071, 1080, 1070, 1072, 1091, 1100, 1105, 1101, 1121, 1121, 1122, 1122, 1122, 1123, 1123, 1116, 1111, 1085, 1080, 1045, 1030, 1019, 1034, 1025, 1017, 1012, 995, 992, 990, 977, 993, 986, 964, 958, 969, 959, 949, 952, 961, 942, 936, 929, 928, 911, 917, 905, 913, 917, 899, 895, 896, 891, 893, 882, 881, 861, 866, 871, 867, 858, 844, 831, 841, 827, 823, 844, 840, 834, 823, 807, 806
1097, 1092, 1103, 1092, 1106, 1107, 1113, 1118, 1118, 1118, 1118, 1118, 1118, 1118, 1118, 1118, 1118, 1118, 1118, 1118, 1118, 1118, 1118, 1118, 1114, 1105, 1090, 1081, 1089, 1086, 1084, 1070, 1068, 1085, 1077, 1106, 1119, 1121, 1121, 1122, 1122, 1122, 1123, 1123, 1124, 1124, 1092, 1082, 1081, 1047, 1038, 1025, 1034, 1009, 1009, 1015, 992, 986, 975, 978, 967, 977, 961, 975, 961, 966, 953, 956, 931, 933, 927, 927, 928, 914, 928, 914, 908, 890, 903, 903, 877, 888, 868, 884, 866, 877, 862, 858, 841, 861, 846, 840, 836, 846, 844, 835, 821, 826, 809, 811
1110, 1101, 1092, 1107, 1115, 1111, 1102, 1113, 1111, 1118, 1118, 1118, 1118, 1118, 1118, 1118, 1118, 1118, 1118, 1118, 1118, 1118, 1118, 1118, 1118, 1114, 1095, 1083, 1102, 1082, 1081, 1077, 1080, 1079, 1096, 1092, 1097, 1121, 1121, 1122, 1122, 1122, 1123, 1123, 1124, 1124, 1125, 1107, 1079, 1065, 1060, 1049, 1014, 1007, 1014, 1000, 994, 981, 985, 984, 995, 975, 965, 975, 953, 972, 959, 957, 935, 950, 935, 929, 923, 915, 917, 923, 913, 895, 898, 882, 876, 893, 886, 873, 863, 866, 868, 847, 858, 859, 834, 853, 845, 823, 841, 816, 820, 818, 811, 818
1099, 1089, 1091, 1106, 1096, 1097, 1105, 1104, 1111, 1118, 1118, 1118, 1118, 1118, 1118, 1118, 1118, 1118, 1118, 1118, 1118, 1118, 1118, 1118, 1118, 1118, 1108, 1103, 1089, 1090, 1090, 1092, 1078, 1069, 1078, 1098, 1095, 1121, 1118, 1122, 1122, 1123, 1123, 1123, 1124, 1124, 1125, 1125, 1101, 1088, 1067, 1051, 1036, 1017, 1029, 1007, 1001, 990, 978, 986, 995, 969, 965, 970, 953, 955, 951, 953, 933, 931, 931, 924, 931, 933, 926, 914, 920, 900, 888, 907, 883, 884, 884, 865, 859, 864, 857, 862, 861, 850, 846, 828, 849, 825, 827, 821, 827, 830, 814, 812
1112, 1095, 1108, 1116, 1110, 1095, 1107, 1108, 1109, 1118, 1116, 1118, 1118, 1118, 1118, 1118, 1118, 1118, 1118, 1118, 1118, 1118, 1118, 1118, 1118, 1118, 1107, 1092, 1090, 1075, 1095, 1091, 1071, 1068, 1077, 1079, 1080, 1088, 1106, 1122, 1122, 1123, 1123, 1123, 1124, 1124, 1125, 1125, 1123, 1116, 1101, 1066, 1047, 1047, 1034, 1014, 1018, 993, 980, 984, 982, 984, 985, 969, 974, 950, 970, 954, 958, 952, 934, 923, 920, 929, 919, 920, 899, 919, 913, 888, 890, 878, 888, 866, 861, 868, 855, 856, 840, 848, 844, 837, 832, 840, 838, 826, 813, 828, 800, 805
1100, 1112, 1095, 1109, 1106, 1112, 1105, 1118, 1105, 1118, 1103, 1118, 1118, 1118, 1118, 1118, 1118, 1118, 1118, 1118, 1118, 1118, 1118, 1118, 1118, 1118, 1116, 1099, 1084, 1079, 1072, 1070, 1073, 1079, 1090, 1072, 1094, 1105, 1103, 1099, 1116, 1123, 1123, 1123, 1124, 1124, 1125, 1125, 1125, 1126, 1122, 1096, 1067, 1057, 1026, 1006, 999, 1012, 998, 981, 972, 990, 978, 973, 953, 959, 963, 951, 950, 934, 938, 930, 923, 914, 928, 929, 923, 897, 917, 895, 904, 884, 873, 890, 867, 877, 866, 870, 867, 838, 836, 851, 833, 834, 820, 819, 819, 806, 803, 815
1107, 1089, 1112, 1115, 1096, 1100, 1111, 1102, 1118, 1097, 1118, 1104, 1110, 1118, 1118, 1118, 1118, 1118, 1118, 1118, 1118, 1118, 1118, 1118, 1118, 1118, 1106, 1094, 1093, 1100, 1083, 1073, 1091, 1068, 1091, 1066, 1078, 1095, 1093, 1104, 1110, 1109, 1123, 1123, 1124, 1124, 1125, 1125, 1125, 1126, 1126, 1099, 1079, 1050, 1052, 1020, 1001, 1003, 998, 991, 973, 968, 978, 981, 958, 959, 953, 946, 950, 933, 930, 942, 944, 938, 929, 929, 909, 916, 916, 910, 898, 883, 886, 887, 872, 877, 873, 860, 858, 860, 838, 842, 843, 835, 827, 811, 816, 821, 815, 803
1099, 1091, 1094, 1118, 1107, 1118, 1102, 1115, 1099, 1099, 1116, 1118, 1118, 1108, 1118, 1118, 1118, 1118, 1118, 1118, 1118, 1118, 1118, 1118, 1118, 1113, 1110, 1092, 1089, 1078, 1098, 1084, 1078, 1078, 1083, 1067, 1072, 1066, 1085, 1078, 1093, 1091, 1101, 1123, 1124, 1124, 1125, 1125, 1125, 1126, 1126, 1126, 1101, 1065, 1053, 1043, 1030, 1003, 988, 991, 989, 970, 966, 974, 961, 951, 958, 965, 943, 955, 946, 932, 926, 922, 936, 939, 917, 917, 925, 909, 916, 894, 892, 882, 889, 881, 864, 855, 846, 845, 839, 844, 823, 836, 831, 834, 814, 814, 813, 809
1092, 1115, 1091, 1092, 1112, 1100, 1104, 1111, 1096, 1117, 1118, 1102, 1101, 1118, 1118, 1118, 1118, 1118, 1118, 1118, 1118, 1118, 1118, 1118, 1110, 1118, 1114, 1108, 1088, 1090, 1101, 1090, 1074, 1080, 1090, 1077, 1082, 1062, 1064, 1065, 1088, 1099, 1090, 1103, 1118, 1123, 1125, 1125, 1125, 1126, 1126, 1127, 1098, 1082, 1050, 1046, 1033, 1012, 988, 984, 979, 978, 965, 983, 962, 951, 947, 946, 963, 953, 954, 925, 939, 938, 933, 923, 928, 920, 925, 934, 915, 912, 890, 889, 894, 878, 863, 863, 843, 848, 852, 835, 833, 829, 827, 816, 805, 827, 796, 807
1105, 1096, 1117, 1102, 1112, 1098, 1106, 1098, 1103, 1114, 1116, 1106, 1097, 1102, 1116, 1115, 1116, 1118, 1116, 1118, 1118, 1118, 1118, 1114, 1106, 1101, 1110, 1100, 1101, 1101, 1074, 1086, 1094, 1079, 1079, 1084, 1078, 1070, 1085, 1080, 1079, 1077, 1094, 1091, 1088, 1112, 1116, 1125, 1125, 1126, 1126, 1118, 1097, 1083, 1065, 1053, 1013, 1017, 995, 993, 997, 986, 986, 975, 983, 978, 972, 969, 947, 944, 938, 938, 949, 928, 929, 941, 936, 939, 960, 938, 937, 921, 926, 893, 901, 868, 871, 875, 858, 847, 836, 839, 839, 844, 836, 828, 807, 816, 822, 818
1094, 1107, 1098, 1118, 1104, 1113, 1112, 1111, 1108, 1117, 1099, 1112, 1097, 1098, 1105, 1114, 1103, 1118, 1118, 1118, 1118, 1118, 1118, 1101, 1115, 1098, 1087, 1104, 1106, 1085, 1084, 1095, 1085, 1087, 1085, 1081, 1069, 1075, 1069, 1057, 1081, 1081, 1060, 1069, 1095, 1104, 1100, 1119, 1125, 1117, 1125, 1102, 1106, 1079, 1066, 1039, 1032, 1013, 1015, 986, 990, 975, 986, 969, 957, 978, 958, 952, 957, 952, 935, 951, 937, 938, 938, 945, 947, 955, 971, 948, 943, 955, 919, 906, 912, 886, 889, 868, 847, 859, 850, 828, 833, 826, 823, 835, 820, 813, 808, 804
1112, 1106, 1111, 1094, 1101, 1112, 1118, 1114, 1118, 1108, 1113, 1118, 1118, 1115, 1117, 1113, 1096, 1105, 1105, 1118, 1116, 1099, 1103, 1094, 1113, 1108, 1110, 1093, 1084, 1087, 1098, 1084, 1098, 1080, 1077, 1068, 1066, 1076, 1072, 1080, 1061, 1078, 1059, 1074, 1063, 1067, 1091, 1088, 1108, 1102, 1099, 1082, 1072, 1071, 1052, 1048, 1024, 1007, 1013, 1007, 992, 994, 970, 975, 984, 980, 968, 968, 939, 935, 950, 946, 940, 941, 959, 966, 979, 986, 984, 987, 971, 967, 938, 926, 911, 893, 891, 882, 870, 850, 842, 847, 850, 829, 833, 820, 826, 822, 805, 796
1092, 1104, 1104, 1118, 1111, 1097, 1118, 1095, 1100, 1103, 1114, 1112, 1100, 1109, 1104, 1114, 1109, 1102, 1118, 1105, 1101, 1100, 1095, 1094, 1108, 1114, 1098, 1093, 1090, 1083, 1077, 1089, 1097, 1082, 1085, 1077, 1090, 1071, 1080, 1058, 1060, 1055, 1063, 1070, 1055, 1069, 1063, 1071, 1089, 1087, 1089, 1075, 1056, 1050, 1045, 1039, 1030, 1019, 990, 994, 1003, 998, 980, 989, 963, 978, 969, 964, 963, 953, 943, 933, 952, 954, 956, 957, 964, 985, 998, 997, 993, 1000, 963, 946, 948, 926, 895, 893, 866, 853, 861, 847, 848, 833, 822, 833, 805, 819, 805, 806
1099, 1092, 1102, 1099, 1100, 1118, 1101, 1099, 1118, 1117, 1099, 1108, 1118, 1118, 1118, 1100, 1102, 1118, 1094, 1094, 1118, 1108, 1098, 1105, 1115, 1091, 1102, 1105, 1105, 1085, 1104, 1090, 1095, 1092, 1078, 1088, 1091, 1078, 1062, 1073, 1073, 1064, 1070, 1050, 1048, 1073, 1049, 1069, 1066, 1054, 1054, 1057, 1051, 1058, 1045, 1021, 1016, 1002, 1006, 1003, 1001, 995, 976, 988, 969, 980, 964, 953, 952, 945, 948, 938, 939, 940, 949, 975, 972, 981, 992, 1014, 1015, 1012, 1001, 983, 964, 930, 926, 899, 881, 873, 869, 859, 854, 829, 827, 833, 829, 823, 816, 804
1095, 1101, 1101, 1094, 1107, 1093, 1118, 1117, 1110, 1116, 1115, 1118, 1118, 1118, 1108, 1110, 1118, 1115, 1095, 1100, 1095, 1113, 1097, 1108, 1101, 1096, 1102, 1099, 1093, 1100, 1103, 1089, 1084, 1077, 1077, 1078, 1092, 1087, 1067, 1057, 1074, 1069, 1056, 1051, 1050, 1051, 1062, 1054, 1045, 1040, 1047, 1055, 1038, 1049, 1036, 1036, 1012, 1018, 1003, 983, 993, 986, 981, 973, 973, 982, 954, 973, 942, 942, 945, 952, 947, 945, 949, 951, 981, 999, 1011, 1027, 1038, 1017, 1017, 1014, 998, 958, 934, 920, 891, 878, 875, 841, 855, 849, 838, 812, 813, 803, 821, 812
1114, 1105, 1114, 1091, 1118, 1103, 1104, 1110, 1101, 1115, 1116, 1096, 1112, 1118, 1102, 1099, 1104, 1116, 1099, 1096, 1117, 1116, 1114, 1115, 1102, 1110, 1103, 1090, 1084, 1101, 1097, 1085, 1097, 1098, 1074, 1082, 1083, 1067, 1070, 1076, 1075, 1056, 1057, 1068, 1058, 1051, 1056, 1051, 1053, 1041, 1043, 1047, 1029, 1027, 1030, 1029, 1020, 1003, 992, 985, 996, 976, 980, 992, 973, 983, 959, 949, 953, 956, 956, 946, 955, 952, 937, 944, 964, 979, 993, 1031, 1034, 1034, 1029, 1030, 1008, 986, 954, 928, 901, 906, 880, 857, 858, 835, 843, 818, 823, 806, 798, 808
1110, 1099, 1114, 1116, 1102, 1118, 1108, 1117, 1111, 1107, 1117, 1118, 1111, 1116, 1110, 1118, 1118, 1104, 1108, 1110, 1117, 1108, 1092, 1103, 1090, 1107, 1107, 1106, 1094, 1089, 1079, 1080, 1095, 1096, 1079, 1092, 1093, 1079, 1070, 1064, 1055, 1058, 1071, 1053, 1055, 1043, 1045, 1041, 1039, 1056, 1040, 1043, 1044, 1035, 1020, 1029, 1017, 1017, 1004, 989, 1005, 991, 972, 978, 970, 980, 960, 947, 960, 954, 934, 946, 934, 931, 949, 940, 977, 986, 1001, 1004, 1045, 1055, 1054, 1048, 1026, 1000, 980, 949, 936, 911, 887, 873, 848, 829, 841, 835, 832, 815, 808, 816
1110, 1101, 1092, 1095, 1104, 1111, 1111, 1118, 1117, 1102, 1109, 1105, 1117, 1118, 1118, 1118, 1118, 1101, 1100, 1115, 1107, 1109, 1104, 1103, 1110, 1091, 1101, 1108, 1108, 1104, 1084, 1102, 1092, 1083, 1073, 1093, 1091, 1088, 1082, 1078, 1080, 1057, 1050, 1059, 1063, 1041, 1042, 1044, 1042, 1054, 1037, 1028, 1024, 1014, 1014, 1019, 999, 1020, 1005, 990, 995, 1000, 971, 986, 962, 977, 957, 949, 952, 950, 952, 954, 947, 942, 941, 946, 969, 973, 979, 1004, 1014, 1041, 1036, 1035, 1030, 1019, 987, 972, 944, 918, 883, 869, 854, 854, 824, 835, 824, 818, 821, 805
1113, 1091, 1109, 1096, 1115, 1108, 1098, 1108, 1104, 1103, 1109, 1101, 1104, 1096, 1098, 1111, 1111, 1118, 1118, 1116, 1118, 1100, 1096, 1098, 1103, 1099, 1098, 1112, 1088, 1096, 1100, 1099, 1094, 1083, 1082, 1073, 1086, 1091, 1067, 1070, 1073, 1065, 1072, 1074, 1054, 1050, 1037, 1055, 1046, 1036, 1039, 1034, 1025, 1038, 1011, 1012, 1009, 1019, 1015, 1007, 1001, 981, 984, 974, 988, 962, 957, 954, 957, 964, 955, 942, 945, 928, 926, 955, 957, 964, 984, 985, 1012, 1037, 1035, 1025, 1036, 1024, 994, 960, 956, 913, 888, 885, 855, 851, 823, 824, 832, 820, 820, 816
1100, 1095, 1113, 1115, 1092, 1118, 1103, 1110, 1107, 1104, 1106, 1118, 1115, 1118, 1112, 1110, 1106, 1113, 1107, 1113, 1104, 1109, 1101, 1114, 1107, 1104, 1092, 1110, 1094, 1088, 1089, 1079, 1092, 1086, 1095, 1081, 1089, 1066, 1086, 1076, 1064, 1057, 1078, 1066, 1055, 1049, 1041, 1034, 1032, 1036, 1045, 1030, 1036, 1013, 1030, 1029, 999, 1008, 997, 997, 1008, 987, 1000, 982, 977, 974, 961, 972, 945, 964, 940, 955, 943, 933, 941, 938, 954, 944, 971, 992, 991, 1008, 1015, 1027, 1009, 1007, 972, 959, 959, 933, 913, 868, 864, 836, 837, 824, 823, 820, 807, 804
1089, 1113, 1115, 1096, 1118, 1107, 1110, 1106, 1116, 1106, 1118, 1114, 1109, 1118, 1103, 1118, 1096, 1108, 1118, 1096, 1115, 1118, 1114, 1092, 1111, 1089, 1111, 1105, 1111, 1100, 1102, 1103, 1090, 1099, 1093, 1079, 1089, 1076, 1089, 1071, 1068, 1069, 1066, 1057, 1056, 1066, 1059, 1049, 1036, 1050, 1039, 1021, 1023, 1018, 1017, 1026, 1003, 1014, 1011, 993, 985, 982, 984, 973, 976, 978, 956, 952, 962, 956, 950, 939, 943, 944, 935, 932, 931, 950, 963, 958, 973, 987, 996, 977, 981, 968, 963, 959, 926, 905, 905, 888, 870, 845, 849, 837, 816, 819, 803, 813
1093, 1092, 1102, 1099, 1106, 1112, 1117, 1100, 1118, 1111, 1108, 1110, 1114, 1118, 1118, 1118, 1117, 1107, 1112, 1096, 1101, 1108, 1113, 1103, 1113, 1104, 1102, 1097, 1108, 1090, 1085, 1087, 1080, 1076, 1095, 1087, 1082, 1070, 1081, 1069, 1070, 1079, 1052, 1073, 1045, 1044, 1040, 1048, 1041, 1048, 1040, 1047, 1033, 1023, 1012, 1020, 1011, 1013, 1009, 999, 999, 989, 985, 993, 970, 965, 980, 972, 952, 949, 940, 951, 929, 938, 937, 925, 935, 937, 926, 932, 957, 952, 960, 958, 966, 955, 953, 940, 910, 916, 884, 871, 860, 843, 823, 818, 812, 829, 824, 818
1110, 1113, 1095, 1118, 1108, 1117, 1097, 1096, 1103, 1118, 1101, 1104, 1112, 1116, 1108, 1116, 1106, 1102, 1118, 1116, 1112, 1113, 1106, 1114, 1105, 1111, 1113, 1112, 1106, 1105, 1091, 1105, 1080, 1079, 1087, 1077, 1073, 1080, 1088, 1079, 1077, 1070, 1064, 1065, 1054, 1056, 1044, 1041, 1046, 1039, 1041, 1030, 1031, 1032, 1028, 1024, 1020, 1012, 997, 990, 989, 991, 980, 975, 982, 961, 971, 960, 962, 947, 953, 934, 926, 942, 928, 920, 920, 914, 923, 928, 920, 940, 942, 945, 937, 921, 932, 917, 893, 906, 891, 879, 844, 848, 844, 822, 816, 819, 804, 794
1105, 1100, 1110, 1108, 1118, 1102, 1116, 1117, 1101, 1102, 1103, 1106, 1108, 1118, 1106, 1110, 1097, 1110, 1116, 1110, 1104, 1118, 1101, 1101, 1110, 1090, 1103, 1100, 1087, 1104, 1082, 1092, 1082, 1086, 1101, 1077, 1095, 1094, 1085, 1061, 1063, 1061, 1064, 1066, 1066, 1051, 1043, 1053, 1042, 1040, 1034, 1037, 1039, 1038, 1027, 1009, 1010, 1001, 1001, 1008, 984, 990, 999, 989, 978, 985, 958, 973, 959, 951, 945, 958, 946, 935, 920, 938, 913, 909, 911, 924, 910, 907, 919, 928, 921, 920, 905, 897, 884, 886, 883, 856, 859, 852, 821, 816, 807, 803, 812, 800
1088, 1116, 1110, 1107, 1118, 1118, 1108, 1096, 1098, 1115, 1118, 1107, 1099, 1109, 1102, 1103, 1117, 1118, 1100, 1107, 1116, 1118, 1118, 1110, 1114, 1093, 1093, 1095, 1098, 1099, 1092, 1093, 1079, 1087, 1098, 1084, 1086, 1077, 1065, 1087, 1062, 1081, 1074, 1075, 1055, 1055, 1059, 1037, 1060, 1055, 1034, 1028, 1045, 1021, 1020, 1033, 1027, 1014, 994, 994, 994, 1000, 981, 970, 972, 962, 976, 974, 954, 959, 956, 939, 932, 931, 941, 932, 922, 914, 905, 921, 907, 920, 910, 897, 898, 892, 886, 882, 887, 864, 871, 854, 846, 827, 840, 825, 832, 806, 824, 813
1092, 1111, 1110, 1092, 1115, 1114, 1115, 1101, 1118, 1110, 1112, 1104, 1117, 1104, 1118, 1109, 1098, 1103, 1099, 1102, 1116, 1108, 1102, 1118, 1118, 1115, 1092, 1089, 1098, 1090, 1098, 1107, 1103, 1103, 1085, 1089, 1080, 1094, 1085, 1066, 1069, 1071, 1062, 1063, 1063, 1059, 1063, 1038, 1046, 1036, 1039, 1036, 1039, 1015, 1022, 1033, 1013, 1000, 1011, 1004, 1001, 1007, 991, 972, 992, 985, 979, 976, 972, 967, 957, 952, 930, 946, 921, 916, 913, 920, 907, 912, 908, 913, 905, 900, 878, 876, 883, 888, 882, 867, 860, 856, 839, 832, 838, 835, 813, 819, 802, 813
1091, 1095, 1113, 1094, 1118, 1112, 1110, 1112, 1114, 1098, 1102, 1100, 1098, 1118, 1118, 1118, 1115, 1104, 1098, 1100, 1100, 1118, 1100, 1116, 1092, 1094, 1105, 1109, 1105, 1090, 1091, 1093, 1101, 1100, 1102, 1095, 1082, 1086, 1074, 1074, 1076, 1075, 1060, 1076, 1071, 1050, 1049, 1037, 1052, 1048, 1026, 1028, 1028, 1030, 1014, 1012, 1013, 1010, 1001, 1000, 996, 993, 998, 978, 985, 986, 977, 952, 960, 966, 941, 952, 938, 935, 926, 929, 920, 902, 904, 912, 907, 911, 898, 875, 876, 882, 862, 869, 852, 844, 844, 854, 845, 846, 824, 824, 816, 803, 813, 794
1098, 1103, 1097, 1093, 1095, 1103, 1095, 1118, 1097, 1102, 1111, 1118, 1118, 1106, 1118, 1118, 1102, 1111, 1114, 1116, 1117, 1115, 1098, 1115, 1117, 1109, 1089, 1094, 1093, 1098, 1084, 1084, 1082, 1085, 1086, 1080, 1083, 1079, 1086, 1064, 1062, 1070, 1064, 1060, 1060, 1066, 1061, 1041, 1057, 1034, 1043, 1041, 1039, 1036, 1020, 1013, 1008, 1000, 1002, 1012, 997, 981, 982, 996, 993, 974, 979, 965, 967, 950, 951, 947, 951, 939, 940, 923, 916, 916, 921, 894, 911, 896, 897, 873, 889, 864, 857, 871, 853, 861, 851, 846, 828, 841, 840, 831, 810, 807, 823, 802
1097, 1106, 1101, 1098, 1109, 1109, 1107, 1115, 1098, 1116, 1112, 1104, 1118, 1114, 1118, 1116, 1113, 1110, 1117, 1109, 1111, 1106, 1115, 1105, 1117, 1108, 1104, 1100, 1095, 1104, 1088, 1106, 1079, 1096, 1082, 1075, 1091, 1078, 1080, 1087, 1067, 1068, 1075, 1072, 1067, 1068, 1055, 1047, 1056, 1050, 1029, 1039, 1020, 1021, 1025, 1033, 1008, 1025, 999, 1011, 986, 989, 1001, 990, 973, 987, 984, 955, 969, 966, 952, 943, 949, 928, 934, 925, 932, 915, 918, 917, 912, 895, 890, 896, 881, 869, 882, 872, 866, 843, 844, 833, 836, 842, 823, 831, 824, 805, 797, 793
1113, 1096, 1118, 1098, 1112, 1094, 1097, 1101, 1113, 1115, 1114, 1116, 1118, 1109, 1098, 1099, 1118, 1103, 1115, 1118, 1118, 1101, 1115, 1112, 1103, 1109, 1100, 1093, 1095, 1096, 1108, 1087, 1079, 1082, 1081, 1098, 1075, 1069, 1084, 1066, 1076, 1069, 1077, 1056, 1051, 1072, 1061, 1065, 1058, 1041, 1052, 1046, 1019, 1033, 1019, 1023, 1014, 1014, 1020, 1007, 989, 998, 1000, 983, 976, 980, 960, 971, 962, 948, 957, 956, 934, 929, 935, 923, 912, 908, 911, 916, 898, 893, 898, 888, 868, 881, 880, 870, 858, 845, 841, 857, 846, 828, 838, 838, 824, 829, 824, 797
1103, 1103, 1095, 1099, 1108, 1105, 1116, 1102, 1108, 1118, 1108, 1117, 1104, 1098, 1100, 1118, 1098, 1099, 1105, 1107, 1118, 1113, 1118, 1118, 1097, 1102, 1106, 1112, 1105, 1094, 1100, 1085, 1092, 1092, 1090, 1078, 1094, 1075, 1087, 1087, 1066, 1067, 1063, 1062, 1060, 1061, 1048, 1043, 1039, 1034, 1037, 1041, 1037, 1032, 1021, 1010, 1029, 1013, 1016, 1016, 990, 985, 979, 981, 978, 975, 966, 965, 950, 948, 955, 957, 946, 935, 937, 926, 917, 918, 901, 898, 902, 908, 879, 878, 884, 888, 873, 857, 853, 854, 855, 844, 828, 840, 816, 811, 806, 814, 821, 792
1095, 1112, 1111, 1096, 1102, 1115, 1118, 1096, 1100, 1113, 1119, 1119, 1102, 1100, 1118, 1102, 1100, 1119, 1105, 1119, 1097, 1114, 1113, 1110, 1112, 1100, 1112, 1090, 1109, 1086, 1100, 1093, 1082, 1087, 1096, 1078, 1087, 1070, 1089, 1082, 1067, 1057, 1070, 1060, 1057, 1070, 1060, 1052, 1043, 1041, 1029, 1024, 1032, 1037, 1037, 1034, 1027, 1015, 1001, 996, 1002, 1008, 978, 990, 981, 983, 976, 977, 961, 945, 962, 940, 940, 930, 933, 933, 912, 922, 923, 899, 906, 902, 887, 878, 873, 871, 880, 856, 861, 863, 860, 830, 837, 847, 816, 833, 815, 819, 820, 814
1088, 1113, 1118, 1110, 1102, 1101, 1097, 1116, 1103, 1111, 1111, 1111, 1108, 1105, 1118, 1119, 1100, 1114, 1113, 1119, 1109, 1102, 1103, 1111, 1097, 1101, 1094, 1113, 1096, 1093, 1089, 1104, 1089, 1078, 1075, 1091, 1092, 1095, 1067, 1063, 1077, 1080, 1080, 1076, 1048, 1065, 1049, 1042, 1035, 1047, 1053, 1037, 1023, 1028, 1014, 1015, 1027, 1007, 1011, 991, 997, 989, 983, 993, 974, 986, 960, 973, 970, 965, 954, 935, 950, 945, 939, 942, 918, 927, 922, 911, 919, 902, 903, 883, 884, 876, 869, 855, 846, 865, 859, 840, 825, 834, 825, 832, 831, 803, 809, 792
1106, 1090, 1091, 1115, 1113, 1098, 1099, 1115, 1105, 1110, 1112, 1120, 1112, 1099, 1120, 1120, 1107, 1105, 1115, 1098, 1113, 1111, 1114, 1103, 1114, 1111, 1114, 1115, 1105, 1112, 1086, 1088, 1081, 1100, 1085, 1080, 1098, 1086, 1066, 1087, 1087, 1075, 1065, 1077, 1074, 1069, 1059, 1040, 1045, 1035, 1030, 1041, 1040, 1016, 1014, 1030, 1020, 1022, 1012, 991, 998, 1004, 990, 995, 972, 969, 976, 970, 968, 947, 962, 950, 942, 926, 931, 924, 924, 934, 922, 931, 924, 926, 899, 891, 902, 870, 861, 871, 862, 845, 849, 843, 844, 827, 823, 814, 816, 816, 824, 797
1108, 1092, 1096, 1110, 1097, 1105, 1095, 1113, 1114, 1105, 1117, 1116, 1116, 1115, 1120, 1100, 1098, 1104, 1107, 1102, 1120, 1097, 1100, 1097, 1112, 1093, 1100, 1107, 1109, 1107, 1099, 1102, 1107, 1095, 1099, 1083, 1072, 1075, 1083, 1071, 1076, 1074, 1058, 1058, 1066, 1065, 1068, 1051, 1034, 1052, 1052, 1031, 1038, 1036, 1011, 1024, 1027, 1011, 1010, 1008, 994, 1000, 1002, 993, 994, 962, 969, 967, 974, 965, 959, 942, 948, 943, 943, 923, 926, 927, 946, 937, 944, 937, 918, 925, 910, 886, 887, 863, 870, 853, 855, 831, 842, 823, 822, 830, 811, 823, 805, 801
1113, 1106, 1099, 1112, 1093, 1112, 1112, 1118, 1116, 1115, 1121, 1121, 1112, 1117, 1111, 1118, 1121, 1099, 1119, 1097, 1113, 1116, 1114, 1114, 1101, 1116, 1110, 1111, 1108, 1110, 1106, 1097, 1091, 1087, 1092, 1076, 1086, 1085, 1069, 1085, 1077, 1067, 1063, 1051, 1071, 1050, 1049, 1046, 1057, 1053, 1044, 1026, 1041, 1017, 1014, 1009, 1010, 1022, 999, 990, 993, 980, 977, 985, 989, 967, 973, 954, 958, 962, 950, 946, 941, 950, 938, 944, 956, 959, 954, 968, 967, 971, 960, 936, 929, 894, 880, 882, 880, 846, 865, 845, 838, 828, 838, 824, 830, 809, 816, 795
1095, 1107, 1100, 1093, 1094, 1109, 1119, 1103, 1109, 1121, 1105, 1118, 1121, 1115, 1098, 1112, 1121, 1102, 1107, 1108, 1115, 1099, 1117, 1101, 1111, 1103, 1096, 1096, 1087, 1097, 1104, 1088, 1087, 1096, 1078, 1092, 1084, 1080, 1068, 1067, 1073, 1071, 1078, 1069, 1075, 1069, 1041, 1064, 1048, 1044, 1049, 1030, 1024, 1016, 1037, 1011, 1029, 1015, 1013, 1014, 1002, 996, 989, 985, 986, 969, 958, 974, 971, 968, 948, 955, 937, 954, 934, 952, 941, 964, 971, 969, 993, 982, 977, 952, 953, 934, 899, 883, 876, 869, 842, 838, 833, 840, 842, 826, 811, 819, 798, 818
1094, 1107, 1102, 1115, 1115, 1109, 1103, 1121, 1110, 1116, 1112, 1115, 1110, 1119, 1102, 1121, 1106, 1102, 1099, 1111, 1113, 1113, 1107, 1100, 1100, 1091, 1111, 1100, 1093, 1097, 1100, 1096, 1080, 1084, 1091, 1084, 1081, 1091, 1075, 1068, 1073, 1083, 1060, 1055, 1067, 1068, 1046, 1062, 1046, 1042, 1029, 1042, 1038, 1034, 1012, 1014, 1008, 1025, 1020, 1004, 1003, 991, 1001, 974, 966, 964, 979, 957, 967, 954, 938, 949, 949, 953, 936, 938, 948, 974, 972, 1002, 1006, 1010, 994, 976, 963, 937, 927, 908, 900, 886, 856, 848, 846, 843, 819, 822, 829, 827, 824, 815
1088, 1103, 1119, 1108, 1121, 1104, 1118, 1122, 1103, 1118, 1100, 1122, 1122, 1103, 1098, 1115, 1103, 1105, 1122, 1123, 1105, 1102, 1116, 1110, 1112, 1092, 1111, 1099, 1100, 1097, 1098, 1096, 1096, 1104, 1078, 1099, 1087, 1084, 1088, 1074, 1080, 1057, 1075, 1054, 1053, 1059, 1062, 1062, 1059, 1054, 1031, 1033, 1024, 1023, 1010, 1020, 1020, 1015, 1020, 1012, 990, 994, 986, 979, 990, 977, 979, 954, 957, 957, 945, 951, 953, 941, 931, 939, 964, 961, 989, 1020, 1034, 1015, 1015, 1004, 1003, 969, 958, 938, 916, 892, 869, 868, 853, 831, 818, 814, 813, 807, 816, 809
1104, 1104, 1093, 1096, 1115, 1122, 1104, 1119, 1108, 1123, 1104, 1116, 1114, 1102, 1110, 1106, 1106, 1101, 1102, 1107, 1112, 1099, 1109, 1095, 1106, 1090, 1115, 1102, 1104, 1110, 1097, 1101, 1087, 1077, 1093, 1090, 1097, 1092, 1085, 1078, 1063, 1079, 1079, 1062, 1068, 1052, 1045, 1037, 1037, 1048, 1047, 1039, 1025, 1017, 1013, 1015, 1009, 1011, 1000, 990, 999, 1005, 1001, 985, 985, 972, 960, 967, 970, 949, 950, 947, 952, 950, 927, 950, 963, 979, 980, 998, 1038, 1027, 1031, 1025, 1026, 997, 990, 961, 934, 902, 874, 872, 842, 855, 847, 816, 817, 817, 800, 799
1111, 1101, 1105, 1105, 1114, 1123, 1123, 1110, 1113, 1123, 1123, 1111, 1113, 1102, 1106, 1122, 1097, 1121, 1105, 1106, 1115, 1100, 1103, 1118, 1118, 1106, 1101, 1113, 1111, 1100, 1108, 1107, 1092, 1102, 1087, 1093, 1075, 1080, 1079, 1073, 1082, 1069, 1065, 1076, 1064, 1060, 1047, 1044, 1044, 1055, 1045, 1038, 1043, 1036, 1033, 1013, 1024, 999, 1004, 1009, 1009, 995, 1001, 974, 985, 967, 967, 963, 961, 963, 948, 944, 943, 930, 940, 935, 947, 964, 973, 1002, 1029, 1046, 1054, 1030, 1045, 1013, 1009, 981, 962, 933, 894, 876, 858, 855, 845, 830, 831, 803, 823, 807
1104, 1100, 1096, 1109, 1118, 1123, 1123, 1119, 1117, 1123, 1124, 1112, 1123, 1124, 1097, 1121, 1105, 1118, 1107, 1119, 1121, 1102, 1113, 1108, 1101, 1109, 1116, 1112, 1087, 1111, 1092, 1097, 1092, 1091, 1093, 1092, 1074, 1083, 1091, 1087, 1070, 1063, 1064, 1073, 1048, 1069, 1053, 1061, 1041, 1029, 1027, 1032, 1033, 1029, 1027, 1012, 1023, 1015, 1006, 1000, 1004, 1005, 991, 981, 969, 977, 961, 963, 948, 951, 944, 953, 929, 945, 943, 931, 942, 952, 978, 997, 990, 1032, 1029, 1043, 1040, 1047, 1020, 994, 984, 962, 917, 893, 871, 867, 860, 843, 825, 831, 817, 803
1100, 1100, 1097, 1109, 1122, 1113, 1111, 1124, 1110, 1124, 1118, 1106, 1105, 1123, 1105, 1104, 1101, 1118, 1111, 1107, 1100, 1100, 1118, 1100, 1114, 1116, 1113, 1114, 1085, 1104, 1108, 1083, 1090, 1087, 1078, 1074, 1089, 1076, 1072, 1085, 1078, 1080, 1056, 1070, 1060, 1068, 1050, 1047, 1045, 1052, 1043, 1028, 1022, 1020, 1032, 1008, 1009, 1012, 1018, 1000, 988, 990, 987, 981, 975, 987, 974, 956, 972, 940, 942, 938, 944, 929, 928, 937, 938, 930, 942, 975, 971, 1004, 1022, 1014, 1027, 1024, 1017, 1009, 987, 977, 956, 928, 889, 889, 846, 829, 817, 809, 816, 795
1099, 1098, 1106, 1120, 1114, 1118, 1119, 1122, 1111, 1115, 1114, 1121, 1112, 1124, 1112, 1098, 1116, 1110, 1101, 1106, 1104, 1116, 1118, 1108, 1106, 1098, 1109, 1098, 1104, 1097, 1084, 1087, 1088, 1077, 1075, 1088, 1091, 1067, 1077, 1068, 1073, 1078, 1065, 1066, 1061, 1068, 1058, 1041, 1046, 1045, 1042, 1035, 1028, 1025, 1018, 1005, 1013, 1011, 1013, 994, 1007, 999, 993, 976, 980, 982, 973, 954, 960, 943, 959, 951, 931, 941, 938, 918, 923, 935, 937, 937, 961, 984, 996, 1013, 1004, 1025, 1018, 1010, 1001, 1006, 985, 949, 913, 903, 863, 855, 830, 815, 813, 806
1109, 1107, 1105, 1114, 1111, 1111, 1111, 1109, 1124, 1125, 1114, 1103, 1100, 1120, 1111, 1096, 1105, 1103, 1121, 1099, 1121, 1112, 1107, 1091, 1112, 1103, 1107, 1096, 1102, 1095, 1082, 1087, 1082, 1096, 1092, 1094, 1094, 1065, 1066, 1063, 1060, 1055, 1052, 1061, 1062, 1056, 1043, 1037, 1031, 1034, 1042, 1038, 1036, 1017, 1020, 1011, 1019, 1007, 996, 1011, 991, 993, 991, 985, 968, 962, 964, 957, 953, 965, 942, 938, 930, 927, 920, 940, 917, 924, 936, 938, 932, 944, 967, 984, 1007, 1003, 1025, 1010, 1022, 996, 997, 961, 943, 925, 898, 871, 849, 823, 813, 818
1107, 1111, 1117, 1100, 1124, 1115, 1107, 1111, 1107, 1105, 1123, 1126, 1118, 1108, 1102, 1107, 1112, 1109, 1096, 1100, 1096, 1111, 1109, 1110, 1103, 1101, 1098, 1106, 1087, 1096, 1091, 1093, 1098, 1097, 1093, 1088, 1085, 1089, 1065, 1071, 1061, 1063, 1067, 1051, 1054, 1067, 1061, 1043, 1031, 1032, 1035, 1032, 1036, 1011, 1030, 1005, 999, 1015, 1015, 988, 995, 1003, 994, 971, 968, 966, 956, 975, 968, 954, 941, 952, 950, 943, 915, 933, 908, 928, 932, 910, 936, 943, 946, 950, 953, 980, 999, 1014, 1022, 997, 988, 988, 961, 918, 899, 884, 853, 844, 811, 799
1095, 1089, 1102, 1103, 1112, 1105, 1125, 1105, 1123, 1111, 1123, 1123, 1122, 1114, 1116, 1097, 1097, 1103, 1105, 1105, 1100, 1117, 1116, 1092, 1094, 1104, 1087, 1094, 1092, 1104, 1101, 1095, 1090, 1093, 1086, 1089, 1067, 1085, 1066, 1075, 1063, 1069, 1055, 1056, 1060, 1047, 1057, 1056, 1042, 1026, 1043, 1023, 1016, 1026, 1008, 1025, 1002, 1021, 1013, 992, 1002, 986, 998, 971, 990, 960, 954, 975, 965, 959, 951, 945, 924, 925, 916, 927, 924, 924, 915, 898, 915, 909, 930, 926, 942, 955, 973, 971, 988, 1004, 1008, 978, 964, 925, 920, 887, 869, 842, 815, 804
1088, 1116, 1096, 1113, 1115, 1114, 1108, 1115, 1113, 1122, 1105, 1120, 1117, 1113, 1111, 1121, 1109, 1120, 1114, 1113, 1110, 1095, 1111, 1093, 1098, 1098, 1088, 1100, 1095, 1085, 1102, 1093, 1076, 1098, 1086, 1075, 1069, 1080, 1061, 1085, 1069, 1059, 1064, 1053, 1043, 1041, 1040, 1050, 1053, 1041, 1034, 1026, 1026, 1018, 1010, 1016, 1009, 1001, 1006, 1004, 997, 989, 990, 973, 970, 978, 958, 966, 952, 950, 952, 931, 925, 931, 928, 924, 904, 900, 897, 904, 893, 894, 897, 923, 908, 925, 932, 948, 971, 967, 993, 985, 970, 932, 914, 878, 848, 825, 821, 817
1099, 1092, 1108, 1105, 1120, 1117, 1121, 1106, 1122, 1100, 1102, 1107, 1112, 1103, 1119, 1108, 1117, 1117, 1110, 1116, 1105, 1110, 1108, 1101, 1114, 1107, 1088, 1085, 1088, 1098, 1105, 1077, 1102, 1074, 1071, 1082, 1066, 1066, 1069, 1064, 1064, 1057, 1069, 1056, 1065, 1065, 1044, 1032, 1053, 1032, 1048, 1022, 1038, 1031, 1026, 1023, 1015, 1004, 1013, 994, 999, 980, 984, 967, 962, 961, 965, 949, 943, 958, 941, 947, 931, 942, 932, 915, 914, 914, 919, 890, 889, 893, 900, 904, 895, 919, 911, 945, 954, 961, 966, 955, 940, 917, 909, 878, 848, 825, 819, 805
1110, 1112, 1091, 1116, 1094, 1105, 1118, 1103, 1115, 1115, 1103, 1120, 1111, 1112, 1098, 1100, 1100, 1114, 1120, 1095, 1099, 1102, 1112, 1103, 1108, 1103, 1111, 1109, 1103, 1105, 1091, 1099, 1088, 1093, 1077, 1091, 1069, 1079, 1074, 1062, 1068, 1073, 1049, 1070, 1062, 1047, 1052, 1049, 1030, 1038, 1042, 1020, 1037, 1032, 1014, 1022, 1009, 999, 1010, 1007, 983, 978, 988, 985, 963, 969, 966, 954, 952, 947, 947, 944, 949, 942, 933, 917, 926, 910, 893, 914, 896, 894, 900, 878, 890, 889, 900, 903, 919, 915, 928, 944, 925, 900, 886, 879, 864, 831, 809, 792
1110, 1105, 1104, 1091, 1096, 1102, 1100, 1096, 1106, 1099, 1103, 1105, 1112, 1101, 1100, 1097, 1104, 1100, 1110, 1100, 1095, 1098, 1115, 1114, 1101, 1106, 1086, 1101, 1108, 1099, 1080, 1099, 1080, 1088, 1088, 1088, 1065, 1078, 1062, 1067, 1068, 1074, 1055, 1066, 1056, 1040, 1035, 1047, 1032, 1033, 1046, 1036, 1017, 1012, 1022, 1020, 996, 1018, 993, 983, 1001, 993, 995, 986, 968, 970, 954, 958, 962, 948, 948, 936, 944, 923, 922, 927, 903, 898, 905, 912, 891, 897, 901, 889, 873, 876, 873, 882, 892, 889, 899, 894, 910, 878, 884, 871, 840, 836, 829, 812
1102, 1108, 1115, 1110, 1097, 1114, 1116, 1116, 1117, 1119, 1096, 1110, 1097, 1113, 1098, 1103, 1106, 1104, 1094, 1116, 1117, 1115, 1096, 1102, 1108, 1103, 1099, 1093, 1098, 1097, 1085, 1075, 1098, 1097, 1093, 1084, 1077, 1065, 1074, 1080, 1060, 1076, 1053, 1047, 1056, 1057, 1034, 1041, 1035, 1043, 1044, 1018, 1017, 1033, 1017, 1001, 996, 997, 1004, 1005, 984, 977, 993, 988, 984, 969, 968, 962, 958, 952, 938, 948, 923, 920, 922, 916, 913, 903, 894, 905, 882, 903, 873, 896, 872, 879, 884, 891, 892, 875, 881, 875, 889, 861, 866, 861, 830, 828, 810, 802
1089, 1099, 1108, 1112, 1099, 1117, 1097, 1117, 1112, 1117, 1118, 1118, 1104, 1102, 1120, 1094, 1119, 1107, 1115, 1095, 1091, 1115, 1113, 1103, 1109, 1100, 1085, 1094, 1082, 1094, 1101, 1093, 1077, 1092, 1093, 1075, 1089, 1082, 1064, 1071, 1078, 1062, 1048, 1063, 1053, 1052, 1048, 1042, 1044, 1029, 1029, 1019, 1036, 1024, 1024, 1019, 1009, 1003, 986, 989, 986, 991, 985, 986, 973, 981, 963, 959, 952, 942, 940, 930, 923, 922, 918, 911, 924, 898, 916, 888, 903, 879, 895, 874, 887, 874, 859, 880, 869, 866, 880, 859, 851, 861, 851, 852, 820, 808, 815, 813
1114, 1107, 1104, 1098, 1118, 1108, 1104, 1097, 1102, 1114, 1120, 1105, 1114, 1112, 1121, 1110, 1094, 1117, 1109, 1115, 1112, 1111, 1095, 1093, 1090, 1098, 1104, 1108, 1095, 1104, 1097, 1085, 1076, 1086, 1076, 1070, 1077, 1064, 1076, 1068, 1055, 1058, 1065, 1056, 1065, 1053, 1039, 1035, 1049, 1036, 1043, 1031, 1014, 1009, 1017, 1025, 1018, 989, 1008, 990, 1002, 994, 970, 990, 975, 983, 959, 971, 964, 949, 947, 935, 945, 938, 926, 910, 908, 907, 904, 905, 902, 903, 880, 870, 884, 869, 856, 866, 856, 847, 868, 857, 862, 853, 848, 838, 828, 807, 817, 792
1115, 1100, 1100, 1105, 1117, 1116, 1103, 1104, 1111, 1103, 1094, 1117, 1119, 1109, 1097, 1095, 1118, 1118, 1095, 1099, 1105, 1095, 1105, 1107, 1093, 1096, 1089, 1081, 1081, 1078, 1101, 1100, 1098, 1095, 1082, 1087, 1075, 1082, 1081, 1064, 1074, 1068, 1069, 1064, 1042, 1052, 1055, 1029, 1040, 1028, 1021, 1033, 1031, 1026, 1016, 1006, 1018, 1009, 1009, 990, 988, 998, 990, 983, 982, 976, 963, 976, 951, 961, 955, 935, 927, 942, 919, 919, 910, 901, 910, 906, 892, 901, 877, 881, 867, 866, 870, 867, 855, 845, 853, 853, 832, 851, 844, 839, 827, 819, 813, 804
1099, 1112, 1097, 1111, 1111, 1092, 1109, 1102, 1113, 1097, 1110, 1104, 1115, 1095, 1100, 1114, 1105, 1092, 1113, 1110, 1110, 1088, 1104, 1097, 1096, 1102, 1090, 1099, 1100, 1081, 1082, 1091, 1076, 1083, 1082, 1079, 1076, 1082, 1062, 1057, 1057, 1059, 1070, 1065, 1041, 1052, 1030, 1045, 1033, 1042, 1017, 1020, 1024, 1026, 1005, 1006, 1002, 990, 997, 985, 976, 981, 981, 991, 995, 986, 987, 973, 982, 970, 952, 956, 945, 930, 930, 928, 913, 911, 901, 889, 894, 882, 882, 890, 866, 879, 863, 848, 864, 839, 851, 852, 835, 823, 819, 829, 813, 811, 803, 803
1105, 1113, 1105, 1109, 1102, 1098, 1105, 1095, 1110, 1097, 1111, 1104, 1096, 1109, 1104, 1103, 1092, 1114, 1100, 1111, 1104, 1114, 1099, 1086, 1096, 1098, 1082, 1095, 1096, 1076, 1087, 1073, 1092, 1088, 1077, 1076, 1071, 1061, 1067, 1076, 1074, 1054, 1063, 1040, 1048, 1033, 1034, 1035, 1024, 1021, 1022, 1034, 1029, 1007, 1018, 1012, 1005, 1007, 999, 999, 993, 977, 993, 975, 978, 995, 977, 975, 988, 991, 978, 953, 938, 931, 932, 910, 923, 903, 902, 911, 889, 879, 892, 870, 880, 863, 851, 866, 850, 861, 841, 842, 847, 823, 840, 830, 830, 819, 817, 803
1111, 1103, 1114, 1106, 1092, 1100, 1097, 1102, 1120, 1106, 1108, 1104, 1120, 1110, 1098, 1107, 1100, 1116, 1097, 1112, 1099, 1097, 1103, 1096, 1101, 1083, 1103, 1092, 1080, 1088, 1074, 1093, 1071, 1070, 1079, 1061, 1073, 1080, 1058, 1071, 1066, 1047, 1050, 1038, 1048, 1039, 1033, 1027, 1025, 1023, 1029, 1019, 1028, 1019, 1010, 1016, 1015, 1004, 987, 995, 985, 999, 980, 978, 1002, 985, 1001, 1007, 990, 1002, 991, 957, 952, 943, 933, 918, 920, 922, 912, 899, 900, 891, 886, 871, 876, 876, 850, 858, 864, 842, 834, 842, 845, 825, 826, 816, 820, 811, 817, 804
1092, 1090, 1113, 1090, 1096, 1116, 1096, 1106, 1118, 1113, 1114, 1094, 1115, 1115, 1101, 1100, 1098, 1098, 1107, 1104, 1112, 1096, 1099, 1095, 1089, 1084, 1089, 1105, 1093, 1101, 1086, 1094, 1068, 1090, 1078, 1064, 1066, 1061, 1079, 1061, 1071, 1071, 1049, 1064, 1054, 1035, 1029, 1040, 1021, 1018, 1033, 1010, 1026, 1007, 1017, 993, 998, 990, 1002, 979, 997, 988, 974, 988, 981, 1011, 1004, 995, 1013, 1008, 983, 984, 978, 961, 930, 923, 915, 914, 914, 885, 893, 877, 889, 865, 880, 872, 849, 847, 845, 843, 857, 841, 833, 820, 840, 821, 815, 825, 823, 813
1094, 1098, 1095, 1097, 1105, 1108, 1097, 1093, 1117, 1119, 1119, 1097, 1096, 1115, 1117, 1106, 1092, 1092, 1104, 1094, 1097, 1096, 1104, 1093, 1095, 1088, 1086, 1100, 1080, 1074, 1083, 1094, 1068, 1069, 1080, 1075, 1064, 1075, 1065, 1054, 1071, 1062, 1050, 1050, 1043, 1033, 1040, 1044, 1035, 1026, 1036, 1023, 1013, 1017, 1022, 1018, 1010, 1011, 1002, 997, 989, 998, 995, 996, 982, 988, 995, 1021, 1014, 1018, 996, 1005, 970, 976, 954, 952, 939, 929, 902, 889, 886, 891, 885, 889, 880, 866, 852, 846, 850, 862, 847, 839, 835, 820, 834, 823, 823, 822, 796, 806
1092, 1109, 1104, 1099, 1103, 1093, 1116, 1115, 1109, 1103, 1092, 1102, 1110, 1096, 1103, 1117, 1108, 1089, 1091, 1102, 1100, 1112, 1103, 1107, 1100, 1094, 1095, 1101, 1089, 1083, 1077, 1086, 1085, 1082, 1064, 1068, 1058, 1055, 1059, 1062, 1048, 1059, 1053, 1051, 1040, 1034, 1043, 1040, 1030, 1025, 1018, 1033, 1025, 1010, 1019, 1007, 995, 1007, 983, 983, 977, 971, 974, 992, 988, 1002, 998, 1023, 1010, 1019, 1000, 1010, 989, 977, 971, 955, 928, 917, 924, 913, 905, 874, 890, 871, 885, 878, 861, 859, 840, 845, 831, 826, 846, 841, 826, 810, 828, 806, 823, 793
1101, 1110, 1110, 1116, 1092, 1110, 1107, 1102, 1115, 1108, 1107, 1092, 1105, 1092, 1118, 1093, 1102, 1106, 1100, 1092, 1098, 1105, 1088, 1086, 1087, 1106, 1102, 1076, 1094, 1083, 1079, 1092, 1072, 1070, 1076, 1070, 1060, 1073, 1074, 1071, 1070, 1051, 1044, 1047, 1035, 1045, 1029, 1045, 1044, 1028, 1013, 1011, 1021, 1006, 1001, 1014, 997, 995, 978, 981, 989, 990, 991, 996, 991, 982, 992, 998, 1015, 1004, 1000, 1008, 986, 990, 971, 950, 942, 936, 917, 914, 906, 901, 896, 873, 883, 872, 859, 855, 851, 836, 846, 847, 827, 834, 829, 825, 819, 802, 796, 818
1109, 1099, 1115, 1113, 1106, 1099, 1117, 1117, 1104, 1096, 1109, 1110, 1093, 1094, 1103, 1098, 1101, 1088, 1099, 1096, 1090, 1110, 1083, 1103, 1087, 1101, 1100, 1074, 1088, 1088, 1071, 1068, 1069, 1083, 1062, 1061, 1077, 1059, 1069, 1057, 1049, 1049, 1051, 1057, 1044, 1051, 1040, 1041, 1034, 1038, 1010, 1011, 1003, 1015, 1015, 990, 1009, 998, 994, 989, 974, 983, 987, 984, 979, 975, 991, 990, 993, 1006, 1020, 1011, 997, 982, 991, 972, 958, 936, 912, 899, 904, 902, 881, 889, 874, 877, 861, 855, 859, 839, 847, 833, 847, 841, 821, 822, 821, 805, 803, 807
1100, 1108, 1112, 1102, 1093, 1108, 1112, 1117, 1106, 1108, 1111, 1113, 1096, 1100, 1106, 1102, 1096, 1087, 1107, 1098, 1111, 1092, 1082, 1102, 1088, 1079, 1076, 1095, 1072, 1092, 1072, 1069, 1086, 1082, 1069, 1060, 1070, 1055, 1064, 1050, 1068, 1063, 1055, 1036, 1046, 1049, 1037, 1026, 1042, 1012, 1027, 1020, 1006, 1010, 1006, 994, 1005, 985, 992, 988, 979, 975, 981, 965, 968, 969, 989, 998, 994, 988, 1000, 1016, 992, 1009, 992, 965, 962, 951, 921, 911, 907, 883, 896, 874, 865, 875, 860, 855, 857, 842, 839, 837, 821, 833, 812, 809, 827, 822, 805, 813
1098, 1099, 1093, 1108, 1093, 1097, 1096, 1099, 1108, 1109, 1101, 1100, 1111, 1114, 1115, 1109, 1093, 1092, 1112, 1111, 1103, 1090, 1085, 1081, 1087, 1101, 1079, 1084, 1095, 1092, 1082, 1079, 1081, 1086, 1058, 1065, 1068, 1051, 1054, 1059, 1047, 1051, 1034, 1053, 1037, 1032, 1036, 1028, 1039, 1012, 1007, 1008, 1024, 1019, 1006, 998, 1003, 985, 989, 972, 983, 968, 982, 960, 964, 982, 963, 983, 970, 972, 986, 983, 981, 980, 987, 967, 974, 960, 941, 918, 896, 882, 876, 871, 859, 869, 860, 869, 852, 835, 847, 832, 838, 826, 830, 820, 822, 800, 798, 805
1109, 1110, 1100, 1094, 1107, 1097, 1103, 1098, 1094, 1114, 1099, 1101, 1110, 1094, 1116, 1115, 1111, 1109, 1096, 1088, 1102, 1095, 1080, 1097, 1095, 1080, 1081, 1081, 1081, 1074, 1089, 1085, 1087, 1074, 1081, 1063, 1078, 1068, 1058, 1056, 1060, 1051, 1041, 1054, 1034, 1045, 1038, 1021, 1035, 1032, 1032, 1012, 997, 1000, 996, 986, 1008, 987, 983, 992, 970, 986, 974, 969, 978, 958, 973, 977, 963, 959, 980, 982, 985, 983, 987, 976, 965, 963, 937, 925, 914, 883, 896, 874, 882, 878, 861, 842, 861, 844, 839, 843, 837, 823, 830, 821, 810, 817, 797, 797
1098, 1106, 1096, 1112, 1110, 1115, 1093, 1102, 1113, 1094, 1114, 1115, 1095, 1093, 1109, 1096, 1090, 1108, 1089, 1094, 1099, 1103, 1102, 1079, 1096, 1080, 1095, 1090, 1080, 1089, 1074, 1084, 1068, 1061, 1058, 1053, 1068, 1056, 1056, 1061, 1043, 1059, 1048, 1040, 1037, 1048, 1026, 1018, 1029, 1028, 1010, 1006, 1015, 1001, 1012, 994, 1006, 977, 979, 984, 979, 966, 977, 955, 972, 949, 951, 955, 950, 966, 960, 952, 977, 983, 973, 954, 948, 933, 928, 904, 916, 890, 876, 866, 863, 870, 865, 844, 854, 842, 847, 825, 834, 816, 821, 817, 807, 825, 812, 806
1095, 1105, 1103, 1112, 1094, 1094, 1101, 1105, 1092, 1092, 1110, 1093, 1099, 1114, 1105, 1098, 1113, 1088, 1093, 1095, 1086, 1090, 1094, 1080, 1091, 1090, 1085, 1071, 1079, 1086, 1089, 1067, 1081, 1082, 1071, 1055, 1063, 1072, 1050, 1062, 1039, 1040, 1053, 1049, 1051, 1040, 1030, 1023, 1016, 1032, 1009, 1005, 999, 1016, 1005, 983, 981, 983, 980, 977, 978, 967, 958, 971, 968, 966, 955, 953, 957, 941, 942, 949, 969, 961, 960, 967, 934, 939, 923, 918, 912, 892, 874, 871, 862, 853, 849, 856, 848, 849, 829, 849, 830, 828, 823, 822, 824, 809, 819, 806
1091, 1106, 1113, 1104, 1091, 1104, 1102, 1091, 1107, 1117, 1090, 1091, 1110, 1104, 1110, 1101, 1108, 1084, 1103, 1087, 1089, 1101, 1090, 1082, 1094, 1077, 1091, 1071, 1068, 1077, 1089, 1074, 1074, 1072, 1073, 1059, 1074, 1048, 1065, 1059, 1039, 1053, 1047, 1028, 1031, 1036, 1019, 1013, 1028, 1017, 1006, 1010, 1018, 993, 1003, 987, 991, 973, 984, 987, 981, 957, 952, 954, 968, 967, 952, 941, 957, 941, 929, 940, 949, 952, 954, 937, 933, 941, 908, 906, 906, 884, 874, 863, 861, 858, 861, 850, 856, 852, 836, 829, 825, 828, 822, 809, 806, 810, 818, 793
1102, 1091, 1096, 1104, 1102, 1093, 1111, 1090, 1090, 1092, 1104, 1095, 1110, 1089, 1092, 1103, 1111, 1103, 1093, 1090, 1099, 1095, 1104, 1098, 1085, 1090, 1094, 1095, 1067, 1066, 1077, 1081, 1064, 1064, 1067, 1073, 1068, 1047, 1041, 1063, 1058, 1047, 1054, 1025, 1032, 1045, 1017, 1014, 1010, 1020, 1008, 1016, 993, 989, 1011, 983, 987, 979, 984, 973, 963, 973, 952, 964, 966, 943, 935, 951, 948, 948, 930, 932, 931, 922, 935, 922, 929, 928, 905, 904, 906, 891, 882, 876, 865, 849, 845, 851, 858, 832, 840, 846, 835, 836, 828, 815, 808, 813, 809, 814
1107, 1096, 1103, 1099, 1099, 1095, 1112, 1099, 1111, 1107, 1101, 1109, 1099, 1105, 1108, 1111, 1110, 1109, 1095, 1096, 1099, 1082, 1091, 1087, 1081, 1071, 1095, 1074, 1081, 1069, 1077, 1083, 1081, 1075, 1069, 1073, 1045, 1064, 1045, 1039, 1037, 1046, 1036, 1039, 1029, 1026, 1032, 1030, 1008, 1005, 1014, 1004, 1006, 991, 999, 1004, 989, 994, 977, 964, 982, 955, 977, 953, 950, 942, 951, 944, 926, 923, 945, 936, 939, 919, 924, 919, 925, 897, 907, 894, 892, 889, 875, 861, 860, 855, 867, 866, 862, 839, 827, 829, 845, 827, 829, 818, 803, 818, 797, 812
1107, 1115, 1106, 1108, 1099, 1089, 1100, 1107, 1109, 1111, 1098, 1097, 1097, 1111, 1104, 1109, 1094, 1095, 1082, 1091, 1087, 1086, 1086, 1081, 1077, 1078, 1087, 1089, 1079, 1068, 1064, 1058, 1067, 1075, 1067, 1051, 1062, 1057, 1047, 1042, 1044, 1037, 1033, 1048, 1036, 1029, 1022, 1017, 1026, 1003, 1003, 1016, 997, 991, 1002, 986, 993, 977, 992, 970, 973, 973, 952, 951, 946, 942, 958, 931, 945, 929, 918, 920, 926, 918, 912, 910, 917, 900, 887, 891, 880, 874, 868, 863, 868, 869, 849, 842, 848, 850, 827, 838, 826, 831, 830, 833, 821, 812, 803, 817
1100, 1090, 1107, 1107, 1112, 1095, 1102, 1106, 1112, 1091, 1090, 1103, 1101, 1108, 1091, 1096, 1099, 1090, 1094, 1102, 1093, 1102, 1101, 1078, 1093, 1076, 1067, 1087, 1067, 1067, 1067, 1074, 1076, 1063, 1052, 1057, 1063, 1059, 1056, 1059, 1041, 1034, 1043, 1040, 1039, 1020, 1029, 1027, 1007, 1005, 1000, 1008, 1005, 991, 985, 991, 984, 987, 984, 986, 961, 963, 963, 968, 942, 942, 942, 928, 941, 918, 927, 936, 917, 912, 905, 894, 916, 908, 895, 888, 874, 866, 869, 866, 866, 856, 846, 864, 840, 838, 832, 846, 823, 832, 811, 814, 817, 820, 813, 795
1095, 1101, 1115, 1097, 1092, 1097, 1091, 1104, 1097, 1103, 1112, 1094, 1113, 1103, 1104, 1110, 1100, 1098, 1086, 1105, 1082, 1102, 1091, 1076, 1074, 1072, 1082, 1067, 1083, 1064, 1060, 1066, 1074, 1070, 1053, 1058, 1061, 1066, 1039, 1052, 1047, 1049, 1050, 1030, 1019, 1040, 1031, 1010, 1007, 1013, 999, 1008, 991, 997, 979, 978, 997, 983, 975, 960, 969, 954, 951, 968, 938, 937, 950, 948, 947, 937, 917, 921, 929, 903, 910, 897, 887, 883, 899, 895, 887, 871, 879, 860, 877, 854, 866, 846, 839, 844, 838, 846, 840, 834, 821, 833, 811, 815, 799, 797
1130, 1131, 1131, 1131, 1132, 1132, 1133, 1133, 1134, 1134, 1134, 1135, 1111, 1105, 1095, 1106, 1089, 1080, 1093, 1105, 1089, 1100, 1082, 1098, 1093, 1076, 1081, 1088, 1071, 1070, 1063, 1060, 1068, 1061, 1061, 1046, 1053, 1038, 1039, 1037, 1043, 1038, 1037, 1028, 1029, 1037, 1027, 1031, 1027, 1022, 1009, 1010, 989, 987, 984, 1000, 973, 975, 962, 973, 980, 976, 967, 950, 959, 943, 950, 941, 929, 935, 930, 914, 902, 916, 919, 913, 897, 886, 880, 873, 873, 867, 875, 872, 870, 862, 860, 860, 854, 847, 833, 825, 817, 834, 824, 815, 811, 807, 797, 795
1130, 1131, 1131, 1132, 1132, 1132, 1133, 1133, 1134, 1134, 1134, 1135, 1135, 1135, 1136, 1136, 1136, 1136, 1137, 1137, 1137, 1137, 1137, 1082, 1075, 1068, 1078, 1089, 1075, 1076, 1073, 1079, 1072, 1047, 1062, 1064, 1064, 1040, 1042, 1049, 1030, 1041, 1039, 1044, 1028, 1022, 1013, 1019, 999, 1020, 996, 998, 1008, 1002, 983, 980, 994, 968, 975, 967, 972, 955, 963, 941, 959, 933, 943, 925, 930, 921, 929, 931, 924, 922, 903, 888, 883, 881, 887, 896, 872, 871, 864, 859, 861, 860, 850, 850, 844, 833, 847, 827, 822, 831, 823, 832, 827, 820, 814, 806
1130, 1131, 1131, 1132, 1132, 1132, 1133, 1133, 1134, 1134, 1134, 1135, 1135, 1135, 1136, 1136, 1136, 1136, 1137, 1137, 1137, 1137, 1137, 1137, 1138, 1138, 1138, 1138, 1138, 1131, 1131, 1126, 1138, 1138, 1122, 1062, 1059, 1058, 1059, 1054, 1047, 1045, 1034, 1036, 1020, 1026, 1012, 1018, 1025, 1011, 1015, 1012, 1002, 1004, 993, 992, 985, 963, 964, 982, 961, 963, 956, 940, 957, 936, 936, 935, 926, 912, 913, 908, 907, 913, 908, 912, 893, 879, 880, 872, 882, 877, 872, 865, 865, 870, 861, 860, 842, 853, 838, 828, 831, 830, 809, 815, 823, 825, 800, 791
1130, 1131, 1131, 1132, 1132, 1133, 1133, 1133, 1134, 1134, 1134, 1135, 1135, 1135, 1136, 1136, 1136, 1137, 1137, 1137, 1137, 1137, 1137, 1138, 1136, 1138, 1135, 1138, 1138, 1138, 1134, 1137, 1119, 1138, 1122, 1117, 1116, 1121, 1121, 1106, 1099, 1110, 1107, 1110, 1089, 1084, 1087, 1016, 1014, 1015, 1010, 992, 1004, 991, 984, 977, 988, 982, 966, 962, 951, 955, 956, 940, 954, 949, 924, 940, 918, 938, 909, 924, 925, 900, 903, 889, 893, 880, 893, 877, 884, 878, 881, 863, 869, 849, 855, 836, 853, 833, 850, 822, 836, 813, 825, 813, 810, 816, 808, 815
1130, 1131, 1131, 1132, 1132, 1133, 1133, 1133, 1134, 1134, 1135, 1135, 1135, 1135, 1136, 1136, 1136, 1137, 1137, 1137, 1137, 1137, 1137, 1138, 1138, 1138, 1138, 1138, 1128, 1136, 1138, 1130, 1119, 1121, 1111, 1128, 1123, 1103, 1125, 1111, 1101, 1114, 1100, 1106, 1085, 1078, 1089, 1077, 1088, 1078, 1078, 1074, 1058, 1064, 1052, 1047, 1043, 1057, 1037, 957, 950, 959, 956, 952, 944, 947, 945, 934, 923, 935, 918, 911, 921, 903, 909, 911, 905, 902, 880, 882, 863, 884, 872, 855, 852, 848, 843, 846, 844, 828, 837, 824, 827, 827, 814, 825, 822, 805, 811, 797
1130, 1131, 1131, 1132, 1132, 1133, 1133, 1133, 1134, 1134, 1135, 1135, 1135, 1136, 1136, 1136, 1136, 1137, 1137, 1137, 1137, 1137, 1138, 1138, 1138, 1133, 1133, 1138, 1138, 1138, 1138, 1134, 1134, 1136, 1121, 1125, 1127, 1127, 1102, 1099, 1115, 1099, 1100, 1088, 1103, 1101, 1083, 1092, 1068, 1067, 1060, 1053, 1065, 1045, 1041, 1041, 1040, 1034, 1031, 1044, 1034, 1029, 1012, 1004, 1024, 998, 995, 1004, 986, 1006, 995, 910, 922, 909, 894, 904, 901, 888, 891, 878, 872, 877, 865, 872, 858, 862, 853, 860, 855, 828, 845, 827, 839, 836, 812, 813, 801, 811, 795, 803
1130, 1131, 1131, 1132, 1132, 1133, 1133, 1133, 1134, 1134, 1135, 1135, 1135, 1136, 1136, 1136, 1136, 1137, 1137, 1137, 1137, 1137, 1138, 1138, 1138, 1138, 1136, 1138, 1138, 1129, 1120, 1138, 1132, 1130, 1114, 1127, 1116, 1108, 1112, 1097, 1099, 1106, 1106, 1107, 1092, 1092, 1084, 1067, 1082, 1072, 1064, 1071, 1053, 1044, 1045, 1037, 1045, 1043, 1046, 1022, 1042, 1033, 1007, 1027, 1024, 994, 995, 997, 1006, 1002, 995, 984, 975, 964, 965, 974, 952, 952, 948, 939, 958, 951, 947, 874, 861, 851, 850, 840, 852, 852, 827, 839, 834, 822, 829, 812, 820, 820, 804, 797
1130, 1131, 1131, 1132, 1132, 1133, 1133, 1133, 1134, 1134, 1135, 1135, 1135, 1136, 1136, 1136, 1136, 1137, 1137, 1137, 1137, 1137, 1138, 1138, 1138, 1138, 1138, 1131, 1125, 1124, 1138, 1116, 1127, 1134, 1134, 1115, 1107, 1101, 1095, 1100, 1112, 1106, 1093, 1087, 1084, 1099, 1094, 1092, 1079, 1083, 1063, 1070, 1057, 1057, 1039, 1041, 1033, 1030, 1026, 1033, 1036, 1036, 1020, 1027, 1010, 1014, 1015, 1002, 981, 1000, 990, 985, 975, 963, 974, 963, 974, 955, 965, 942, 931, 953, 925, 938, 935, 915, 923, 914, 922, 904, 904, 912, 885, 892, 824, 828, 825, 814, 802, 817
